Workbook

Sheet pivot chart
A2: sex_wise
A3: Row Labels | B3: Sum of tip
A4: Female | B4: 244.51
A5: Male | B5: 485.07
A6: Grand Total | B6: 729.58
A15: time_wise
A16: Sum of tip | B16: Column Labels
A17: Row Labels | B17: Female | C17: Male | D17: Grand Total
A18: Dinner | B18: 156.11 | C18: 389.96 | D18: 546.07
A19: Lunch | B19: 88.4 | C19: 95.11 | D19: 183.51
A20: Grand Total | B20: 244.51 | C20: 485.07 | D20: 729.58

Sheet Table
A2: Covariance
B3: sex_numeric | C3: smoker _numeric | D3: day _numeric | E3: time_numeric | F3: size | G3: total_bill | H3: tip
A4: sex_numeric | B4: =VARP(tips!$I$2:$I$244) -> 0.22865756
A5: smoker _numeric | B5: 0.0023031719 | C5: =VARP(tips!$J$2:$J$244) -> 0.23526224
A6: day _numeric | B6: 0.12343986 | C6: -0.013954512 | D6: =VARP(tips!$K$2:$K$244) -> 1.323511
A7: time_numeric | B7: 0.04233772 | C7: 0.013852902 | D7: 0.44888144 | E7: =VARP(tips!$L$2:$L$244) -> 0.19969856
A8: size | B8: 0.037832986 | C8: -0.060187302 | D8: 0.17769988 | E8: 0.042490135 | F8: =VARP(tips!$M$2:$M$244) -> 0.90324984
A9: total_bill | B9: 0.60099866 | C9: 0.38874121 | D9: 1.7387714 | E9: 0.71217768 | F9: 5.0500095 | G9: =VARP(tips!$N$2:$N$244) -> 79.062657
A10: tip | B10: 0.056359125 | C10: 0.0065449034 | D10: 0.20956849 | E10: 0.072633406 | F10: 0.6415565 | G10: 8.2955093 | H10: =VARP(tips!$O$2:$O$244) -> 1.9103367
A13: Correlation table
B15: sex_numeric | C15: smoker _numeric | D15: day _numeric | E15: time_numeric | F15: size | G15: total_bill | H15: tip
A16: sex_numeric | B16: 1
A17: smoker _numeric | B17: 0.009930188 | C17: 1
A18: day _numeric | B18: 0.2243876 | C18: -0.025007759 | D18: 1
A19: time_numeric | B19: 0.19812862 | C19: 0.063911231 | D19: 0.87313301 | E19: 1
A20: size | B20: 0.083248017 | C20: -0.13056441 | D20: 0.16252471 | E20: 0.1000453 | F20: 1
A21: total_bill | B21: 0.14134974 | C21: 0.090136102 | D21: 0.16997811 | E21: 0.17923185 | F21: 0.59758893 | G21: 1
A22: tip | B22: 0.085273975 | C22: 0.00976275 | D22: 0.13179753 | E22: 0.11759639 | F22: 0.48840039 | G22: 0.67499786 | H22: 1

Sheet Regression
A1: SUMMARY OUTPUT
A3: Regression Statistics
A4: Multiple R | B4: 0.68422646
A5: R Square | B5: 0.46816585
A6: Adjusted R Square | B6: 0.45464464
A7: Standard Error | B7: 1.0227988
A8: Observations | B8: 243
A10: ANOVA
B11: df | C11: SS | D11: MS | E11: F | F11: Significance F
A12: Regression | B12: 6 | C12: 217.32812 | D12: 36.221353 | E12: 34.62456 | F12: 6.9884728e-30
A13: Residual | B13: 236 | C13: 246.8837 | D13: 1.0461174
A14: Total | B14: 242 | C14: 464.21182
B16: Coefficients | C16: Standard Error | D16: t Stat | E16: P-value | F16: Lower 95% | G16: Upper 95% | H16: Lower 95.0% | I16: Upper 95.0%
A17: Intercept | B17: 0.67508095 | C17: 0.25424114 | D17: 2.6552781 | E17: 0.0084639992 | F17: 0.1742089 | G17: 1.175953 | H17: 0.1742089 | I17: 1.175953
A18: sex_numeric | B18: -0.036632515 | C18: 0.14164818 | D18: -0.25861621 | E18: 0.79615679 | F18: -0.31568889 | G18: 0.24242386 | H18: -0.31568889 | I18: 0.24242386
A19: smoker _numeric | B19: -0.072844331 | C19: 0.14105133 | D19: -0.51643846 | E19: 0.60603178 | F19: -0.35072488 | G19: 0.20503622 | H19: -0.35072488 | I19: 0.20503622
A20: day _numeric | B20: 0.053005305 | C20: 0.1205826 | D20: 0.43957671 | E20: 0.66064596 | F20: -0.18455049 | G20: 0.2905611 | H20: -0.18455049 | I20: 0.2905611
A21: time_numeric | B21: -0.11600626 | C21: 0.30855322 | D21: -0.37596841 | E21: 0.70727812 | F21: -0.72387672 | G21: 0.4918642 | H21: -0.72387672 | I21: 0.4918642
A22: size | B22: 0.17496437 | C22: 0.089368965 | D22: 1.9577755 | E22: 0.051434839 | F22: -0.0010984649 | G22: 0.35102721 | H22: -0.0010984649 | I22: 0.35102721
A23: total_bill | B23: 0.094263519 | C23: 0.0095613713 | D23: 9.8587865 | E23: 2.0105696e-19 | F23: 0.075426978 | G23: 0.11310006 | H23: 0.075426978 | I23: 0.11310006
A27: RESIDUAL OUTPUT
A29: Observation | B29: Predicted tip | C29: Residuals
A30: 1 | B30: 2.7225618 | C30: -1.7125618
A31: 2 | B31: 2.2340413 | C31: -0.57404128
A32: 3 | B32: 3.239833 | C32: 0.26016697 | E32: RMSE= | F32: =SQRT(SUMSQ(C30:C272)/COUNTA(C30:C272)) -> 1.0079595
A33: 4 | B33: 3.3165523 | C33: -0.0065522505
A34: 5 | B34: 3.7888933 | C34: -0.17889331 | E34: The regression model for a given data can predict the Tips in Restaurant with Root Mean Square Error of one $ and R square of 0.46.
A35: 6 | B35: 3.8182453 | C35: 0.89175474
A36: 7 | B36: 1.9110832 | C36: 0.088916812
A37: 8 | B37: 3.9681243 | C37: -0.84812425
A38: 9 | B38: 2.5021154 | C38: -0.54211545
A39: 10 | B39: 2.4776069 | C39: 0.75239307
A40: 11 | B40: 2.0524785 | C40: -0.34247847
A41: 12 | B41: 4.7946851 | C41: 0.20531495
A42: 13 | B42: 2.5379356 | C42: -0.96793559
A43: 14 | B43: 3.1715975 | C43: -0.17159752
A44: 15 | B44: 2.5189526 | C44: 0.50104737
A45: 16 | B45: 3.1185989 | C45: 0.80140114
A46: 17 | B46: 2.2697312 | C46: -0.59973116
... A272: 243 | B272: 2.7322776 | C272: 0.26772239

Sheet tips
A1: sex | B1: smoker | C1: day | D1: time | E1: size | F1: total_bill | G1: tip | I1: sex_numeric | J1: smoker _numeric | K1: day _numeric | L1: time_numeric | M1: size | N1: total_bill | O1: tip | U1: Intercept | V1: Total bill effect | W1: Size effect | X1: Sex effect | Y1: Smoker effect | Z1: Day effect | AA1: Time effect | AB1: Predicted Tip
A2: Female | B2: No | C2: Sun | D2: Dinner | E2: 2 | F2: 16.99 | G2: 1.01 | I2: =IF(A2="Female",0,1) -> 0 | J2: =IF(B2="No",0,1) -> 0 | K2: =IF(C2="Sun",4,IF(C2="Sat",3,IF(C2="Fri",2,1))) -> 4 | L2: =IF(D2="Lunch",0,1) -> 1 | M2: 2 | N2: 16.99 | O2: 1.01 | Q2: Correlation | U2: 0.67508095 | V2: =N2*Regression!$B$23 -> 1.6015372 | W2: =M2*Regression!$B$22 -> 0.34992874 | X2: =I2*Regression!$B$18 -> 0 | Y2: =J2*Regression!$B$19 -> 0 | Z2: =K2*Regression!$B$20 -> 0.21202122 | AA2: =L2*Regression!$B$21 -> -0.11600626 | AB2: =SUM(U2:AA2) -> 2.7225618
A3: Male | B3: No | C3: Sun | D3: Dinner | E3: 3 | F3: 10.34 | G3: 1.66 | I3: =IF(A3="Female",0,1) -> 1 | J3: =IF(B3="No",0,1) -> 0 | K3: =IF(C3="Sun",4,IF(C3="Sat",3,IF(C3="Fri",2,1))) -> 4 | L3: =IF(D3="Lunch",0,1) -> 1 | M3: 3 | N3: 10.34 | O3: 1.66 | Q3: sex vs tip | R3: =CORREL(I2:I244,O2:O244) -> 0.085273975 | S3: Very weak correlation | U3: 0.67508095 | V3: =N3*Regression!$B$23 -> 0.97468478 | W3: =M3*Regression!$B$22 -> 0.52489311 | X3: =I3*Regression!$B$18 -> -0.036632515 | Y3: =J3*Regression!$B$19 -> 0 | Z3: =K3*Regression!$B$20 -> 0.21202122 | AA3: =L3*Regression!$B$21 -> -0.11600626 | AB3: =SUM(U3:AA3) -> 2.2340413
A4: Male | B4: No | C4: Sun | D4: Dinner | E4: 3 | F4: 21.01 | G4: 3.5 | I4: =IF(A4="Female",0,1) -> 1 | J4: =IF(B4="No",0,1) -> 0 | K4: =IF(C4="Sun",4,IF(C4="Sat",3,IF(C4="Fri",2,1))) -> 4 | L4: =IF(D4="Lunch",0,1) -> 1 | M4: 3 | N4: 21.01 | O4: 3.5 | Q4: smoker vs tip | R4: =CORREL(J2:J244,O2:O244) -> 0.00976275 | S4: Almost no correlation | U4: 0.67508095 | V4: =N4*Regression!$B$23 -> 1.9804765 | W4: =M4*Regression!$B$22 -> 0.52489311 | X4: =I4*Regression!$B$18 -> -0.036632515 | Y4: =J4*Regression!$B$19 -> 0 | Z4: =K4*Regression!$B$20 -> 0.21202122 | AA4: =L4*Regression!$B$21 -> -0.11600626 | AB4: =SUM(U4:AA4) -> 3.239833
A5: Male | B5: No | C5: Sun | D5: Dinner | E5: 2 | F5: 23.68 | G5: 3.31 | I5: =IF(A5="Female",0,1) -> 1 | J5: =IF(B5="No",0,1) -> 0 | K5: =IF(C5="Sun",4,IF(C5="Sat",3,IF(C5="Fri",2,1))) -> 4 | L5: =IF(D5="Lunch",0,1) -> 1 | M5: 2 | N5: 23.68 | O5: 3.31 | Q5: day vs tip | R5: =CORREL(K2:K244,O2:O244) -> 0.13179753 | S5: Weak correlation | U5: 0.67508095 | V5: =N5*Regression!$B$23 -> 2.2321601 | W5: =M5*Regression!$B$22 -> 0.34992874 | X5: =I5*Regression!$B$18 -> -0.036632515 | Y5: =J5*Regression!$B$19 -> 0 | Z5: =K5*Regression!$B$20 -> 0.21202122 | AA5: =L5*Regression!$B$21 -> -0.11600626 | AB5: =SUM(U5:AA5) -> 3.3165523
A6: Female | B6: No | C6: Sun | D6: Dinner | E6: 4 | F6: 24.59 | G6: 3.61 | I6: =IF(A6="Female",0,1) -> 0 | J6: =IF(B6="No",0,1) -> 0 | K6: =IF(C6="Sun",4,IF(C6="Sat",3,IF(C6="Fri",2,1))) -> 4 | L6: =IF(D6="Lunch",0,1) -> 1 | M6: 4 | N6: 24.59 | O6: 3.61 | Q6: time vs tip | R6: =CORREL(L2:L244,O2:O244) -> 0.11759639 | S6: Weak correlation | U6: 0.67508095 | V6: =N6*Regression!$B$23 -> 2.3179399 | W6: =M6*Regression!$B$22 -> 0.69985748 | X6: =I6*Regression!$B$18 -> 0 | Y6: =J6*Regression!$B$19 -> 0 | Z6: =K6*Regression!$B$20 -> 0.21202122 | AA6: =L6*Regression!$B$21 -> -0.11600626 | AB6: =SUM(U6:AA6) -> 3.7888933
A7: Male | B7: No | C7: Sun | D7: Dinner | E7: 4 | F7: 25.29 | G7: 4.71 | I7: =IF(A7="Female",0,1) -> 1 | J7: =IF(B7="No",0,1) -> 0 | K7: =IF(C7="Sun",4,IF(C7="Sat",3,IF(C7="Fri",2,1))) -> 4 | L7: =IF(D7="Lunch",0,1) -> 1 | M7: 4 | N7: 25.29 | O7: 4.71 | Q7: size vs tip | R7: =CORREL(M2:M244,O2:O244) -> 0.48840039 | S7: Moderate positive correlation | U7: 0.67508095 | V7: =N7*Regression!$B$23 -> 2.3839244 | W7: =M7*Regression!$B$22 -> 0.69985748 | X7: =I7*Regression!$B$18 -> -0.036632515 | Y7: =J7*Regression!$B$19 -> 0 | Z7: =K7*Regression!$B$20 -> 0.21202122 | AA7: =L7*Regression!$B$21 -> -0.11600626 | AB7: =SUM(U7:AA7) -> 3.8182453
A8: Male | B8: No | C8: Sun | D8: Dinner | E8: 2 | F8: 8.77 | G8: 2 | I8: =IF(A8="Female",0,1) -> 1 | J8: =IF(B8="No",0,1) -> 0 | K8: =IF(C8="Sun",4,IF(C8="Sat",3,IF(C8="Fri",2,1))) -> 4 | L8: =IF(D8="Lunch",0,1) -> 1 | M8: 2 | N8: 8.77 | O8: 2 | Q8: total bill vs tip | R8: =CORREL(N2:N244,O2:O244) -> 0.67499786 | S8: Strong positive correlation | U8: 0.67508095 | V8: =N8*Regression!$B$23 -> 0.82669106 | W8: =M8*Regression!$B$22 -> 0.34992874 | X8: =I8*Regression!$B$18 -> -0.036632515 | Y8: =J8*Regression!$B$19 -> 0 | Z8: =K8*Regression!$B$20 -> 0.21202122 | AA8: =L8*Regression!$B$21 -> -0.11600626 | AB8: =SUM(U8:AA8) -> 1.9110832
A9: Male | B9: No | C9: Sun | D9: Dinner | E9: 4 | F9: 26.88 | G9: 3.12 | I9: =IF(A9="Female",0,1) -> 1 | J9: =IF(B9="No",0,1) -> 0 | K9: =IF(C9="Sun",4,IF(C9="Sat",3,IF(C9="Fri",2,1))) -> 4 | L9: =IF(D9="Lunch",0,1) -> 1 | M9: 4 | N9: 26.88 | O9: 3.12 | U9: 0.67508095 | V9: =N9*Regression!$B$23 -> 2.5338034 | W9: =M9*Regression!$B$22 -> 0.69985748 | X9: =I9*Regression!$B$18 -> -0.036632515 | Y9: =J9*Regression!$B$19 -> 0 | Z9: =K9*Regression!$B$20 -> 0.21202122 | AA9: =L9*Regression!$B$21 -> -0.11600626 | AB9: =SUM(U9:AA9) -> 3.9681243
A10: Male | B10: No | C10: Sun | D10: Dinner | E10: 2 | F10: 15.04 | G10: 1.96 | I10: =IF(A10="Female",0,1) -> 1 | J10: =IF(B10="No",0,1) -> 0 | K10: =IF(C10="Sun",4,IF(C10="Sat",3,IF(C10="Fri",2,1))) -> 4 | L10: =IF(D10="Lunch",0,1) -> 1 | M10: 2 | N10: 15.04 | O10: 1.96 | U10: 0.67508095 | V10: =N10*Regression!$B$23 -> 1.4177233 | W10: =M10*Regression!$B$22 -> 0.34992874 | X10: =I10*Regression!$B$18 -> -0.036632515 | Y10: =J10*Regression!$B$19 -> 0 | Z10: =K10*Regression!$B$20 -> 0.21202122 | AA10: =L10*Regression!$B$21 -> -0.11600626 | AB10: =SUM(U10:AA10) -> 2.5021154
A11: Male | B11: No | C11: Sun | D11: Dinner | E11: 2 | F11: 14.78 | G11: 3.23 | I11: =IF(A11="Female",0,1) -> 1 | J11: =IF(B11="No",0,1) -> 0 | K11: =IF(C11="Sun",4,IF(C11="Sat",3,IF(C11="Fri",2,1))) -> 4 | L11: =IF(D11="Lunch",0,1) -> 1 | M11: 2 | N11: 14.78 | O11: 3.23 | U11: 0.67508095 | V11: =N11*Regression!$B$23 -> 1.3932148 | W11: =M11*Regression!$B$22 -> 0.34992874 | X11: =I11*Regression!$B$18 -> -0.036632515 | Y11: =J11*Regression!$B$19 -> 0 | Z11: =K11*Regression!$B$20 -> 0.21202122 | AA11: =L11*Regression!$B$21 -> -0.11600626 | AB11: =SUM(U11:AA11) -> 2.4776069
A12: Male | B12: No | C12: Sun | D12: Dinner | E12: 2 | F12: 10.27 | G12: 1.71 | I12: =IF(A12="Female",0,1) -> 1 | J12: =IF(B12="No",0,1) -> 0 | K12: =IF(C12="Sun",4,IF(C12="Sat",3,IF(C12="Fri",2,1))) -> 4 | L12: =IF(D12="Lunch",0,1) -> 1 | M12: 2 | N12: 10.27 | O12: 1.71 | U12: 0.67508095 | V12: =N12*Regression!$B$23 -> 0.96808634 | W12: =M12*Regression!$B$22 -> 0.34992874 | X12: =I12*Regression!$B$18 -> -0.036632515 | Y12: =J12*Regression!$B$19 -> 0 | Z12: =K12*Regression!$B$20 -> 0.21202122 | AA12: =L12*Regression!$B$21 -> -0.11600626 | AB12: =SUM(U12:AA12) -> 2.0524785
A13: Female | B13: No | C13: Sun | D13: Dinner | E13: 4 | F13: 35.26 | G13: 5 | I13: =IF(A13="Female",0,1) -> 0 | J13: =IF(B13="No",0,1) -> 0 | K13: =IF(C13="Sun",4,IF(C13="Sat",3,IF(C13="Fri",2,1))) -> 4 | L13: =IF(D13="Lunch",0,1) -> 1 | M13: 4 | N13: 35.26 | O13: 5 | U13: 0.67508095 | V13: =N13*Regression!$B$23 -> 3.3237317 | W13: =M13*Regression!$B$22 -> 0.69985748 | X13: =I13*Regression!$B$18 -> 0 | Y13: =J13*Regression!$B$19 -> 0 | Z13: =K13*Regression!$B$20 -> 0.21202122 | AA13: =L13*Regression!$B$21 -> -0.11600626 | AB13: =SUM(U13:AA13) -> 4.7946851
A14: Male | B14: No | C14: Sun | D14: Dinner | E14: 2 | F14: 15.42 | G14: 1.57 | I14: =IF(A14="Female",0,1) -> 1 | J14: =IF(B14="No",0,1) -> 0 | K14: =IF(C14="Sun",4,IF(C14="Sat",3,IF(C14="Fri",2,1))) -> 4 | L14: =IF(D14="Lunch",0,1) -> 1 | M14: 2 | N14: 15.42 | O14: 1.57 | U14: 0.67508095 | V14: =N14*Regression!$B$23 -> 1.4535435 | W14: =M14*Regression!$B$22 -> 0.34992874 | X14: =I14*Regression!$B$18 -> -0.036632515 | Y14: =J14*Regression!$B$19 -> 0 | Z14: =K14*Regression!$B$20 -> 0.21202122 | AA14: =L14*Regression!$B$21 -> -0.11600626 | AB14: =SUM(U14:AA14) -> 2.5379356
A15: Male | B15: No | C15: Sun | D15: Dinner | E15: 4 | F15: 18.43 | G15: 3 | I15: =IF(A15="Female",0,1) -> 1 | J15: =IF(B15="No",0,1) -> 0 | K15: =IF(C15="Sun",4,IF(C15="Sat",3,IF(C15="Fri",2,1))) -> 4 | L15: =IF(D15="Lunch",0,1) -> 1 | M15: 4 | N15: 18.43 | O15: 3 | U15: 0.67508095 | V15: =N15*Regression!$B$23 -> 1.7372766 | W15: =M15*Regression!$B$22 -> 0.69985748 | X15: =I15*Regression!$B$18 -> -0.036632515 | Y15: =J15*Regression!$B$19 -> 0 | Z15: =K15*Regression!$B$20 -> 0.21202122 | AA15: =L15*Regression!$B$21 -> -0.11600626 | AB15: =SUM(U15:AA15) -> 3.1715975
A16: Female | B16: No | C16: Sun | D16: Dinner | E16: 2 | F16: 14.83 | G16: 3.02 | I16: =IF(A16="Female",0,1) -> 0 | J16: =IF(B16="No",0,1) -> 0 | K16: =IF(C16="Sun",4,IF(C16="Sat",3,IF(C16="Fri",2,1))) -> 4 | L16: =IF(D16="Lunch",0,1) -> 1 | M16: 2 | N16: 14.83 | O16: 3.02 | U16: 0.67508095 | V16: =N16*Regression!$B$23 -> 1.397928 | W16: =M16*Regression!$B$22 -> 0.34992874 | X16: =I16*Regression!$B$18 -> 0 | Y16: =J16*Regression!$B$19 -> 0 | Z16: =K16*Regression!$B$20 -> 0.21202122 | AA16: =L16*Regression!$B$21 -> -0.11600626 | AB16: =SUM(U16:AA16) -> 2.5189526
A17: Male | B17: No | C17: Sun | D17: Dinner | E17: 2 | F17: 21.58 | G17: 3.92 | I17: =IF(A17="Female",0,1) -> 1 | J17: =IF(B17="No",0,1) -> 0 | K17: =IF(C17="Sun",4,IF(C17="Sat",3,IF(C17="Fri",2,1))) -> 4 | L17: =IF(D17="Lunch",0,1) -> 1 | M17: 2 | N17: 21.58 | O17: 3.92 | U17: 0.67508095 | V17: =N17*Regression!$B$23 -> 2.0342067 | W17: =M17*Regression!$B$22 -> 0.34992874 | X17: =I17*Regression!$B$18 -> -0.036632515 | Y17: =J17*Regression!$B$19 -> 0 | Z17: =K17*Regression!$B$20 -> 0.21202122 | AA17: =L17*Regression!$B$21 -> -0.11600626 | AB17: =SUM(U17:AA17) -> 3.1185989
A18: Female | B18: No | C18: Sun | D18: Dinner | E18: 3 | F18: 10.33 | G18: 1.67 | I18: =IF(A18="Female",0,1) -> 0 | J18: =IF(B18="No",0,1) -> 0 | K18: =IF(C18="Sun",4,IF(C18="Sat",3,IF(C18="Fri",2,1))) -> 4 | L18: =IF(D18="Lunch",0,1) -> 1 | M18: 3 | N18: 10.33 | O18: 1.67 | U18: 0.67508095 | V18: =N18*Regression!$B$23 -> 0.97374215 | W18: =M18*Regression!$B$22 -> 0.52489311 | X18: =I18*Regression!$B$18 -> 0 | Y18: =J18*Regression!$B$19 -> 0 | Z18: =K18*Regression!$B$20 -> 0.21202122 | AA18: =L18*Regression!$B$21 -> -0.11600626 | AB18: =SUM(U18:AA18) -> 2.2697312
A19: Male | B19: No | C19: Sun | D19: Dinner | E19: 3 | F19: 16.29 | G19: 3.71 | I19: =IF(A19="Female",0,1) -> 1 | J19: =IF(B19="No",0,1) -> 0 | K19: =IF(C19="Sun",4,IF(C19="Sat",3,IF(C19="Fri",2,1))) -> 4 | L19: =IF(D19="Lunch",0,1) -> 1 | M19: 3 | N19: 16.29 | O19: 3.71 | U19: 0.67508095 | V19: =N19*Regression!$B$23 -> 1.5355527 | W19: =M19*Regression!$B$22 -> 0.52489311 | X19: =I19*Regression!$B$18 -> -0.036632515 | Y19: =J19*Regression!$B$19 -> 0 | Z19: =K19*Regression!$B$20 -> 0.21202122 | AA19: =L19*Regression!$B$21 -> -0.11600626 | AB19: =SUM(U19:AA19) -> 2.7949092
A20: Female | B20: No | C20: Sun | D20: Dinner | E20: 3 | F20: 16.97 | G20: 3.5 | I20: =IF(A20="Female",0,1) -> 0 | J20: =IF(B20="No",0,1) -> 0 | K20: =IF(C20="Sun",4,IF(C20="Sat",3,IF(C20="Fri",2,1))) -> 4 | L20: =IF(D20="Lunch",0,1) -> 1 | M20: 3 | N20: 16.97 | O20: 3.5 | U20: 0.67508095 | V20: =N20*Regression!$B$23 -> 1.5996519 | W20: =M20*Regression!$B$22 -> 0.52489311 | X20: =I20*Regression!$B$18 -> 0 | Y20: =J20*Regression!$B$19 -> 0 | Z20: =K20*Regression!$B$20 -> 0.21202122 | AA20: =L20*Regression!$B$21 -> -0.11600626 | AB20: =SUM(U20:AA20) -> 2.8956409
... A243: Male | B243: No | C243: Sat | D243: Dinner | E243: 2 | F243: 17.82 | G243: 1.75 | I243: =IF(A243="Female",0,1) -> 1 | J243: =IF(B243="No",0,1) -> 0 | K243: =IF(C243="Sun",4,IF(C243="Sat",3,IF(C243="Fri",2,1))) -> 3 | L243: =IF(D243="Lunch",0,1) -> 1 | M243: 2 | N243: 17.82 | O243: 1.75 | U243: 0.67508095 | V243: =N243*Regression!$B$23 -> 1.6797759 | W243: =M243*Regression!$B$22 -> 0.34992874 | X243: =I243*Regression!$B$18 -> -0.036632515 | Y243: =J243*Regression!$B$19 -> 0 | Z243: =K243*Regression!$B$20 -> 0.15901591 | AA243: =L243*Regression!$B$21 -> -0.11600626 | AB243: =SUM(U243:AA243) -> 2.7111627
A244: Female | B244: No | C244: Thur | D244: Dinner | E244: 2 | F244: 18.78 | G244: 3 | I244: =IF(A244="Female",0,1) -> 0 | J244: =IF(B244="No",0,1) -> 0 | K244: =IF(C244="Sun",4,IF(C244="Sat",3,IF(C244="Fri",2,1))) -> 1 | L244: =IF(D244="Lunch",0,1) -> 1 | M244: 2 | N244: 18.78 | O244: 3 | U244: 0.67508095 | V244: =N244*Regression!$B$23 -> 1.7702689 | W244: =M244*Regression!$B$22 -> 0.34992874 | X244: =I244*Regression!$B$18 -> 0 | Y244: =J244*Regression!$B$19 -> 0 | Z244: =K244*Regression!$B$20 -> 0.053005305 | AA244: =L244*Regression!$B$21 -> -0.11600626
